{
  "loss": [
    42.56629180908203,
    40.59512710571289,
    41.392494201660156,
    40.84376525878906,
    40.5379753112793,
    40.00342559814453,
    39.71265411376953,
    39.13054656982422,
    38.37895202636719,
    37.82805633544922,
    36.996307373046875,
    36.80101776123047,
    36.663124084472656,
    36.63220977783203,
    36.131282806396484,
    37.35873794555664,
    36.507205963134766,
    35.433692932128906,
    35.741973876953125,
    36.15299606323242,
    35.13531494140625,
    36.3368034362793,
    36.02311706542969,
    35.191829681396484,
    35.93013381958008
  ],
  "mae": [
    22.283145904541016,
    21.275835037231445,
    21.682144165039062,
    21.401206970214844,
    21.247541427612305,
    20.9822940826416,
    20.847553253173828,
    20.551616668701172,
    20.175447463989258,
    19.902446746826172,
    19.484539031982422,
    19.380964279174805,
    19.31764793395996,
    19.307626724243164,
    19.030136108398438,
    19.66813850402832,
    19.23165512084961,
    18.694345474243164,
    18.85051155090332,
    19.051128387451172,
    18.546154022216797,
    19.13438606262207,
    18.98784637451172,
    18.560983657836914,
    18.942201614379883
  ],
  "rmse": [
    26.16033363342285,
    24.85820960998535,
    25.28188705444336,
    24.753101348876953,
    24.425981521606445,
    24.145465850830078,
    23.970077514648438,
    23.653011322021484,
    23.122100830078125,
    23.057674407958984,
    22.559846878051758,
    22.708908081054688,
    22.5811767578125,
    22.531522750854492,
    22.73998260498047,
    22.855127334594727,
    22.633569717407227,
    22.4111385345459,
    22.276029586791992,
    22.534849166870117,
    22.106714248657227,
    22.46103858947754,
    22.43129539489746,
    22.147188186645508,
    22.29857635498047
  ],
  "val_loss": [
    42.82553482055664,
    38.81191635131836,
    40.31332015991211,
    39.22966384887695,
    38.9763069152832,
    38.56871032714844,
    37.61246109008789,
    36.862918853759766,
    36.26579284667969,
    34.76991271972656,
    34.083717346191406,
    32.89105987548828,
    33.198631286621094,
    33.80521011352539,
    32.46827697753906,
    35.18898010253906,
    32.105037689208984,
    32.24154281616211,
    32.68903350830078,
    32.21657180786133,
    32.23103713989258,
    32.144287109375,
    32.60848617553711,
    32.46100616455078,
    32.5069465637207
  ],
  "val_mae": [
    22.41276741027832,
    20.395830154418945,
    21.131526947021484,
    20.611412048339844,
    20.483522415161133,
    20.270734786987305,
    19.80596351623535,
    19.431459426879883,
    19.132896423339844,
    18.38495635986328,
    18.031320571899414,
    17.43434715270996,
    17.573287963867188,
    17.849456787109375,
    17.206300735473633,
    18.57430648803711,
    17.013547897338867,
    17.08013343811035,
    17.309206008911133,
    17.071426391601562,
    17.082685470581055,
    17.030492782592773,
    17.272397994995117,
    17.20036506652832,
    17.2230281829834
  ],
  "val_rmse": [
    26.61661720275879,
    24.262880325317383,
    25.160585403442383,
    24.33343505859375,
    24.159292221069336,
    23.849056243896484,
    23.073986053466797,
    22.46775245666504,
    22.051801681518555,
    21.17538833618164,
    20.91202735900879,
    20.57756233215332,
    20.745534896850586,
    21.07480812072754,
    20.95302391052246,
    21.80573844909668,
    20.593198776245117,
    20.533491134643555,
    20.64193344116211,
    20.52515983581543,
    20.517091751098633,
    20.519832611083984,
    20.588884353637695,
    20.561120986938477,
    20.568403244018555
  ],
  "learning_rate": [
    0.0010000000474974513,
    0.0010000000474974513,
    0.0010000000474974513,
    0.0010000000474974513,
    0.0010000000474974513,
    0.0005000000237487257,
    0.0005000000237487257,
    0.0005000000237487257,
    0.0005000000237487257,
    0.0005000000237487257,
    0.0005000000237487257,
    0.0005000000237487257,
    0.0005000000237487257,
    0.0005000000237487257,
    0.0005000000237487257,
    0.0005000000237487257,
    0.0005000000237487257,
    0.0005000000237487257,
    0.0005000000237487257,
    0.0005000000237487257,
    0.0002500000118743628,
    0.0002500000118743628,
    0.0002500000118743628,
    0.0001250000059371814,
    0.0001250000059371814
  ]
}