group_key,sample_count,mae,rmse,max_abs_error
-20..-10,2,31.018518447875977,43.062599182128906,60.88888931274414
10..20,4,11.44444465637207,17.948810577392578,34.96296310424805
20..30,30,11.112346649169922,20.459529876708984,55.03703689575195
0..10,2,4.944444179534912,6.7357025146484375,9.518518447875977
-30..-20,2,2.9814815521240234,3.105926036834717,3.8518519401550293
50..60,1,2.9629628658294678,2.9629628658294678,2.9629628658294678
30..40,6,2.685185194015503,3.413407325744629,7.259259223937988
40..50,2,2.092592716217041,2.414093255996704,3.2962963581085205
-10..0,2,1.7777777910232544,2.0581398010253906,2.814814805984497
