{
  "loss": [
    22.63559341430664,
    21.43196678161621,
    20.74606704711914,
    20.757444381713867,
    20.35940170288086,
    20.378835678100586,
    20.502845764160156,
    20.283292770385742,
    20.410602569580078,
    20.243555068969727,
    20.13026237487793,
    19.99930191040039,
    20.138368606567383,
    20.14934730529785,
    19.818662643432617,
    19.856609344482422,
    19.755903244018555,
    19.705747604370117,
    19.64918327331543,
    19.60325813293457,
    19.551660537719727,
    19.57785415649414,
    19.422504425048828,
    19.33760643005371,
    19.26749038696289,
    19.57418441772461,
    19.169940948486328,
    19.17958641052246,
    19.00087547302246,
    18.933914184570312
  ],
  "mae": [
    22.63559341430664,
    21.43196678161621,
    20.74606704711914,
    20.757444381713867,
    20.35940170288086,
    20.378835678100586,
    20.502845764160156,
    20.283292770385742,
    20.410602569580078,
    20.243555068969727,
    20.13026237487793,
    19.99930191040039,
    20.138368606567383,
    20.14934730529785,
    19.818662643432617,
    19.856609344482422,
    19.755903244018555,
    19.705747604370117,
    19.64918327331543,
    19.60325813293457,
    19.551660537719727,
    19.57785415649414,
    19.422504425048828,
    19.33760643005371,
    19.26749038696289,
    19.57418441772461,
    19.169940948486328,
    19.17958641052246,
    19.00087547302246,
    18.933914184570312
  ],
  "rmse": [
    26.863248825073242,
    24.855369567871094,
    24.1646785736084,
    23.965755462646484,
    23.532522201538086,
    23.65736198425293,
    23.616853713989258,
    23.482887268066406,
    23.635196685791016,
    23.53887367248535,
    23.406444549560547,
    23.185495376586914,
    23.381092071533203,
    23.211929321289062,
    23.018306732177734,
    22.96003532409668,
    22.985612869262695,
    22.86309051513672,
    22.78402328491211,
    22.72589874267578,
    22.669246673583984,
    22.685283660888672,
    22.485692977905273,
    22.45646858215332,
    22.340871810913086,
    22.652339935302734,
    22.24073028564453,
    22.22402572631836,
    22.01888656616211,
    21.980369567871094
  ],
  "val_loss": [
    25.743284225463867,
    23.82807731628418,
    24.33840560913086,
    23.908143997192383,
    23.794803619384766,
    23.916162490844727,
    23.66061782836914,
    23.57798194885254,
    23.89418601989746,
    23.47422981262207,
    23.550678253173828,
    23.548965454101562,
    23.79057502746582,
    23.226903915405273,
    23.16370391845703,
    23.112836837768555,
    23.069591522216797,
    23.03022575378418,
    22.96424674987793,
    22.886037826538086,
    22.83879852294922,
    22.87925148010254,
    22.72739601135254,
    22.667713165283203,
    22.627582550048828,
    22.735036849975586,
    22.53053092956543,
    22.34922981262207,
    22.329853057861328,
    22.1650390625
  ],
  "val_mae": [
    25.743284225463867,
    23.82807731628418,
    24.33840560913086,
    23.908143997192383,
    23.794803619384766,
    23.916162490844727,
    23.66061782836914,
    23.57798194885254,
    23.89418601989746,
    23.47422981262207,
    23.550678253173828,
    23.548965454101562,
    23.79057502746582,
    23.226903915405273,
    23.16370391845703,
    23.112836837768555,
    23.069591522216797,
    23.03022575378418,
    22.96424674987793,
    22.886037826538086,
    22.83879852294922,
    22.87925148010254,
    22.72739601135254,
    22.667713165283203,
    22.627582550048828,
    22.735036849975586,
    22.53053092956543,
    22.34922981262207,
    22.329853057861328,
    22.1650390625
  ],
  "val_rmse": [
    29.164142608642578,
    27.25450325012207,
    27.393020629882812,
    27.125944137573242,
    27.096935272216797,
    27.073915481567383,
    27.023427963256836,
    27.136865615844727,
    26.98201560974121,
    26.960933685302734,
    26.811756134033203,
    27.220792770385742,
    26.829753875732422,
    26.716384887695312,
    26.665403366088867,
    26.58473014831543,
    26.49978256225586,
    26.57972526550293,
    26.382596969604492,
    26.376710891723633,
    26.284753799438477,
    26.15765953063965,
    26.11529541015625,
    26.11262321472168,
    25.93745994567871,
    25.8923282623291,
    25.993335723876953,
    25.739015579223633,
    25.51502799987793,
    25.547311782836914
  ],
  "learning_rate": [
    0.0010000000474974513,
    0.0010000000474974513,
    0.0010000000474974513,
    0.0010000000474974513,
    0.0010000000474974513,
    0.0010000000474974513,
    0.0010000000474974513,
    0.0010000000474974513,
    0.0010000000474974513,
    0.0010000000474974513,
    0.0010000000474974513,
    0.0010000000474974513,
    0.0010000000474974513,
    0.0005000000237487257,
    0.0005000000237487257,
    0.0005000000237487257,
    0.0005000000237487257,
    0.0005000000237487257,
    0.0005000000237487257,
    0.0005000000237487257,
    0.0005000000237487257,
    0.0005000000237487257,
    0.0005000000237487257,
    0.0005000000237487257,
    0.0005000000237487257,
    0.0005000000237487257,
    0.0005000000237487257,
    0.0005000000237487257,
    0.0005000000237487257,
    0.0005000000237487257
  ]
}