model_type,count,accepted_count,accepted_mae_c,acceptance_rate,worst_accepted_error_c,accepted_gt20_failures,percentage_under_2c,percentage_under_5c,percentage_under_10c,center_mae_px_224,tip_mae_px_224,angle_mae_degrees,center_heatmap_peak_mean,tip_heatmap_peak_mean,center_heatmap_spread_mean,tip_heatmap_spread_mean,confidence_mean,guardrail_disagreement_count,top_rejection_reasons,temperature_delta_mean,temperature_delta_median,temperature_delta_p90,center_delta_mean,center_delta_median,tip_delta_mean,tip_delta_median,guardrail_disagreements_vs_keras,guardrail_disagreements
keras_v3,47.0,33.0,3.600176640905817,0.7021276595744681,13.529718701740368,0.0,21.27659574468085,55.319148936170215,68.08510638297872,5.503426679823159,20.494611101116746,36.664558270788554,0.6779033338769953,0.5884554395650295,23.075856959566156,19.210935024504966,0.683294913870223,14.0,tip_peak_too_low:12;predicted_angle_outside_valid_sweep:5;temperature_outside_physical_margin:5;center_tip_distance_ratio_implausible:3,nan,nan,nan,nan,nan,nan,nan,0.0,
tflite_float32,47.0,33.0,3.6001668966313933,0.7021276595744681,13.529491509891056,0.0,21.27659574468085,55.319148936170215,68.08510638297872,5.503442173121862,20.494614921608054,36.664530747132986,0.6779029597627356,0.5884553276477976,23.075858704587247,19.21094155818858,0.6832947096926101,14.0,tip_peak_too_low:12;predicted_angle_outside_valid_sweep:5;temperature_outside_physical_margin:5;center_tip_distance_ratio_implausible:3,4.169542580130651e-05,3.166047333635902e-05,8.647294596215715e-05,7.350280144019027e-05,5.468362017887062e-05,0.00026326352969948644,0.0002629366788085008,,0.0
tflite_int8,47.0,28.0,3.3048231302006834,0.5957446808510638,11.871333266938642,0.0,27.659574468085108,44.680851063829785,57.446808510638306,6.106691036487419,26.29976355333913,34.67969818330887,0.6783577127659575,0.5167054521276596,23.064493625722033,20.971601263005685,0.7175864361702128,19.0,tip_peak_too_low:18;center_tip_distance_ratio_implausible:7;predicted_angle_outside_valid_sweep:6;temperature_outside_physical_margin:6;tip_heatmap_too_spread_out:2,1.9923447204470983,1.128763187410371,4.272356332936268,3.02046354696521,2.3762685808065083,14.783250120619268,13.024735390243903,,7.0
