{
  "config": {
    "image_path": "..\\captured_images\\capture_p42c.jpg",
    "gauge_id": "littlegood_home_temp_gauge_c",
    "center_x": null,
    "center_y": null,
    "dial_radius_px": null,
    "geometry_search_mode": "hough_first",
    "geometry_confidence_threshold": 4.0,
    "artifacts_dir": "..\\tmp_ideal_eval",
    "run_name": "capture_p42c"
  },
  "gauge_spec": {
    "gauge_id": "littlegood_home_temp_gauge_c",
    "min_angle_rad": 2.356194490192345,
    "sweep_rad": 3.141592653589793,
    "min_value": -30.0,
    "max_value": 50.0
  },
  "center_xy": [
    785.4000244140625,
    1139.4000244140625
  ],
  "dial_radius_px": 615.8400421142578,
  "detection": {
    "unit_dx": 0.078459095727845,
    "unit_dy": -0.996917333733128,
    "confidence": 19.726157758759296,
    "peak_value": 1319.375244140625,
    "runner_up_value": 806.3927001953125,
    "peak_ratio": 1.6361448259899494,
    "peak_margin": 512.9825439453125
  },
  "selected_candidate": {
    "label": "hough",
    "center_xy": [
      785.4000244140625,
      1139.4000244140625
    ],
    "dial_radius_px": 615.8400421142578
  },
  "predicted_value": 32.0,
  "annotated_image_path": "..\\tmp_ideal_eval\\capture_p42c\\capture_p42c_annotated.png"
}