{
  "config": {
    "image_path": "..\\captured_images\\capture_p45c.png",
    "gauge_id": "littlegood_home_temp_gauge_c",
    "center_x": null,
    "center_y": null,
    "dial_radius_px": null,
    "geometry_search_mode": "hough_first",
    "geometry_confidence_threshold": 4.0,
    "artifacts_dir": "..\\tmp_ideal_eval",
    "run_name": "capture_p45c"
  },
  "gauge_spec": {
    "gauge_id": "littlegood_home_temp_gauge_c",
    "min_angle_rad": 2.356194490192345,
    "sweep_rad": 3.141592653589793,
    "min_value": -30.0,
    "max_value": 50.0
  },
  "center_xy": [
    100.20000457763672,
    109.80000305175781
  ],
  "dial_radius_px": 57.63000297546387,
  "detection": {
    "unit_dx": 0.6883545756937542,
    "unit_dy": -0.7253743710122874,
    "confidence": 9.631100003330056,
    "peak_value": 416.6515197753906,
    "runner_up_value": 295.92694091796875,
    "peak_ratio": 1.4079539986556575,
    "peak_margin": 120.72457885742188
  },
  "selected_candidate": {
    "label": "hough",
    "center_xy": [
      100.20000457763672,
      109.80000305175781
    ],
    "dial_radius_px": 57.63000297546387
  },
  "predicted_value": 49.33333333333334,
  "annotated_image_path": "..\\tmp_ideal_eval\\capture_p45c\\capture_p45c_annotated.png"
}