{
  "config": {
    "image_path": "..\\captured_images\\capture_p30c.jpg",
    "gauge_id": "littlegood_home_temp_gauge_c",
    "center_x": null,
    "center_y": null,
    "dial_radius_px": null,
    "geometry_search_mode": "hough_first",
    "geometry_confidence_threshold": 4.0,
    "artifacts_dir": "..\\tmp_ideal_eval",
    "run_name": "capture_p30c"
  },
  "gauge_spec": {
    "gauge_id": "littlegood_home_temp_gauge_c",
    "min_angle_rad": 2.356194490192345,
    "sweep_rad": 3.141592653589793,
    "min_value": -30.0,
    "max_value": 50.0
  },
  "center_xy": [
    681.0,
    906.6000366210938
  ],
  "dial_radius_px": 462.0899963378906,
  "detection": {
    "unit_dx": -0.034899496702500955,
    "unit_dy": -0.9993908270190958,
    "confidence": 19.83118767949101,
    "peak_value": 686.6783447265625,
    "runner_up_value": 362.5201721191406,
    "peak_ratio": 1.8941796830574402,
    "peak_margin": 324.1581726074219
  },
  "selected_candidate": {
    "label": "hough",
    "center_xy": [
      681.0,
      906.6000366210938
    ],
    "dial_radius_px": 462.0899963378906
  },
  "predicted_value": 29.111111111111114,
  "annotated_image_path": "..\\tmp_ideal_eval\\capture_p30c\\capture_p30c_annotated.png"
}