{
  "config": {
    "image_path": "..\\captured_images\\capture_p25c.jpg",
    "gauge_id": "littlegood_home_temp_gauge_c",
    "center_x": null,
    "center_y": null,
    "dial_radius_px": null,
    "geometry_search_mode": "hough_first",
    "geometry_confidence_threshold": 4.0,
    "artifacts_dir": "..\\tmp_ideal_eval",
    "run_name": "capture_p25c"
  },
  "gauge_spec": {
    "gauge_id": "littlegood_home_temp_gauge_c",
    "min_angle_rad": 2.356194490192345,
    "sweep_rad": 3.141592653589793,
    "min_value": -30.0,
    "max_value": 50.0
  },
  "center_xy": [
    670.3199999999999,
    812.612
  ],
  "dial_radius_px": 396.71999999999997,
  "detection": {
    "unit_dx": -0.04361938736533589,
    "unit_dy": -0.9990482215818578,
    "confidence": 38.676637967772514,
    "peak_value": 517.1825561523438,
    "runner_up_value": 500.9533996582031,
    "peak_ratio": 1.0323965392893104,
    "peak_margin": 16.229156494140625
  },
  "selected_candidate": {
    "label": "board_prior",
    "center_xy": [
      670.3199999999999,
      812.612
    ],
    "dial_radius_px": 396.71999999999997
  },
  "predicted_value": 28.888888888888893,
  "annotated_image_path": "..\\tmp_ideal_eval\\capture_p25c\\capture_p25c_annotated.png"
}